ID,TIMESTAMP,QUESTION,TABLES_SELECTED,KEYWORDS_RAW,KEYWORDS_FINAL,RETRIES,SUCCESS,REASONING,DEBUG_RAW,RAW_RESULT,FINAL_RESULT,ERROR
1,2026-04-21 10:12:44,"What are the top 5 countries in the world by happiness score, and what is their cost of living index?","2019.csv, Cost_of_Living_Index_by_Country_2024.csv","wellbeing, affordability, prosperity, socioeconomic, inflation","5, country, world, happiness, score, cost, living, index, wellbeing, affordability, prosperity, socioeconomic, inflation",0,True,"2019.csv contains the happiness scores and country names, while Cost_of_Living_Index_by_Country_2024.csv contains the cost of living index for countries. These files can be joined on the country name column to find the top 5 happiest countries and their corresponding cost of living index.","wellbeing, affordability, prosperity, socioeconomic, inflation",Country or region  Cost of Living Index            Finland                  63.2            Denmark                  72.3             Norway                  76.0            Iceland                  83.0        Netherlands                  63.1,"The top five countries by happiness score are Finland, Denmark, Norway, Iceland, and the Netherlands, with cost of living indices of 63.2, 72.3, 76.0, 83.0, and 63.1, respectively.",
2,2026-04-21 11:18:49,How many countries have a happiness score above 6 but a Local Purchasing Power Index (LPI) below 50?,"2019.csv, Cost_of_Living_Index_by_Country_2024.csv","wellbeing,socioeconomic,gdp,metrics,prosperity","country, happiness, score, 6, local, purchasing, power, index, lpi, 50, wellbeing, socioeconomic, gdp, metrics, prosperity",0,True,2019.csv contains the happiness score and Cost_of_Living_Index_by_Country_2024.csv contains the Local Purchasing Power Index. Both files contain country information to allow for joining.,"wellbeing,socioeconomic,gdp,metrics,prosperity",12,There are 12 countries that have a happiness score above 6 and a Local Purchasing Power Index below 50.,
3,2026-04-21 11:19:49,Which 5 Fire-type Pokémon have the highest Attack stat?,Pokemon.csv,"flame, offensive, power, strength, damage","5, type, pokémon, highest, attack, stat, flame, offensive, power, strength, damage",0,True,The Pokemon.csv file contains the necessary columns 'Type 1' to identify Fire-type Pokemon and 'Attack' to compare their attack stats.,"flame, offensive, power, strength, damage",Name  Attack      BlazikenMega Blaziken     160    DarmanitanStandard Mode     140  CharizardMega Charizard X     130                    Flareon     130                      Ho-oh     130,"The five Fire-type Pokémon with the highest Attack stats are Mega Blaziken, Darmanitan (Standard Mode), Mega Charizard X, Flareon, and Ho-oh.",
4,2026-04-21 11:20:48,What was the average cost of organic avocados sold in Chicago in 2017?,avocado.csv,"price, commodity, retail, produce, market","average, cost, organic, avocado, sold, chicago, 2017, price, commodity, retail, produce, market",0,True,"The avocado.csv file contains all the necessary information to answer the question, including AveragePrice, type (to filter for organic), year (to filter for 2017), and region (to filter for Chicago).","price, commodity, retail, produce, market",1.8233962264150942,The average cost of organic avocados sold in Chicago in 2017 was approximately $1.82.,
5,2026-04-21 11:22:05,"In the 2024 cost of living data, how many countries have a 'Groceries Index' higher than the 'Rent Index'?",Cost_of_Living_Index_by_Country_2024.csv,"inflation,expenditure,affordability,purchasing power,macroeconomics","2024, cost, living, data, country, grocery, index, higher, rent, inflation, expenditure, affordability, purchasing, power",0,True,The file Cost_of_Living_Index_by_Country_2024.csv contains the Groceries Index and Rent Index columns needed to compare the indices for each country.,"inflation,expenditure,affordability,purchasing power,macroeconomics",121,"In the 2024 cost of living data, there are 121 countries that have a Groceries Index higher than the Rent Index.",
6,2026-04-21 11:23:57,Which nations had the lowest score in well-being and life expectancy in 2017?,2017.csv,"demographics, longevity, prosperity, index, mortality","nation, lowest, score, life, expectancy, 2017, demographics, longevity, prosperity, index, mortality",0,True,"The file 2017.csv contains the Country, Happiness Score for well-being, and Health Life Expectancy columns for the year 2017.","demographics, longevity, prosperity, index, mortality",Country  Happiness.Score  Health..Life.Expectancy.                   Lesotho            3.808                  0.000000  Central African Republic            2.693                  0.018773,"The Central African Republic had the lowest happiness score, while Lesotho had the lowest score for life expectancy.",
7,2026-04-21 11:26:07,Compare the happiness score of Italy in 2015 with its happiness score in 2019. Did it improve?,"2015.csv, 2019.csv","trend, delta, metric, index, variance","compare, happiness, score, italy, 2015, 2019, did, improve, trend, delta, metric, index, variance",0,True,The files 2015.csv and 2019.csv contain the necessary data for the comparison,"trend, delta, metric, index, variance",Year  Happiness Score Improved   2015            5.948     None   2019            6.223     True,Italy's happiness score improved from 5.948 in 2015 to 6.223 in 2019.,
8,2026-04-21 11:27:58,"Which country has the highest score in the world, and what is its local purchasing power index?","2019.csv, Cost_of_Living_Index_by_Country_2024.csv","nation, gdp, metric, economy, ranking","country, highest, score, world, local, purchasing, power, index, nation, gdp, metric, economy, ranking",0,True,"The 2019.csv file contains the happiness scores for different countries, which allows us to identify the country with the highest score. The Cost_of_Living_Index_by_Country_2024.csv file contains the Local Purchasing Power Index for countries, which is needed to answer the second part of the question. These two files can be joined on the country column.","nation, gdp, metric, economy, ranking",Country or region  Local Purchasing Power Index            Finland                         118.0,"Finland has the highest score, with a local purchasing power index of 118.0.",
9,2026-04-21 11:33:18,Is there a relationship between avocado prices and the happiness of a region?,,,,0,False,,,,,ReadTimeout: 
10,2026-04-21 11:34:43,Is there a relationship between avocado prices and the happiness of a region?,"avocado.csv, 2019.csv","correlation, commodity, prosperity, volatility, metric","relationship, avocado, price, happiness, region, correlation, commodity, prosperity, volatility, metric",0,True,"avocado.csv contains the AveragePrice and region, while 2019.csv contains the happiness Score and Country or region. 2019.csv is the most recent year available for happiness data.","correlation, commodity, prosperity, volatility, metric",ERROR_EMPTY: No matching records found for those filters,"I'm sorry, but I couldn't find any data available to determine if there is a relationship between avocado prices and the happiness of a region.",
11,2026-04-21 11:37:51,Which 5 countries produced the most Netflix TV shows released after 2018?,netflix_titles.csv,"streaming,content,analytics,distribution,catalog","5, country, produced, netflix, tv, show, released, 2018, streaming, content, analytics, distribution, catalog",0,True,"The netflix_titles.csv file contains the type of content (TV shows), the release year, and the country of origin, which are all necessary to answer the question.","streaming,content,analytics,distribution,catalog",Country  Count   United States    452  United Kingdom     85     South Korea     60           Japan     51          Canada     42,"The five countries that produced the most Netflix TV shows released after 2018 are the United States, United Kingdom, South Korea, Japan, and Canada.",
12,2026-04-21 11:38:43,What is the total gross income generated by the 'Health and beauty' product line for each branch in the supermarket dataset?,SuperMarket Analysis.csv,"revenue, turnover, category, sales, metrics","total, gross, income, generated, health, beauty, product, line, branch, supermarket, dataset, revenue, turnover, category, sales, metrics",0,False,"The SuperMarket Analysis.csv file contains the 'Branch' column for identifying branches, the 'Product line' column to filter for 'Health and beauty', and the 'gross income' column to calculate the total income.","revenue, turnover, category, sales, metrics","[EXECUTION ERROR]:  Traceback (most recent call last):    File ""/home/gabriele.martinelli/LakeGen/LakeGen_T/coding/script.py"", line 5, in <module>      df = pd.read_csv(file_path)    File ""/home/gabriele.martinelli/LakeGen/LakeGen_T/.venv/lib/python3.14/site-packages/pandas/io/parsers/readers.py"", line 1026, in read_csv      return _read(filepath_or_buffer, kwds)    File ""/home/gabriele.martinelli/LakeGen/LakeGen_T/.venv/lib/python3.14/site-packages/pandas/io/parsers/readers.py"", line 620, in _read    ",,
13,2026-04-21 11:38:55,What is the total gross income generated by the 'Health and beauty' product line for each branch in the supermarket dataset?,SuperMarket Analysis.csv,"revenue, turnover, category, sales, metrics","total, gross, income, generated, health, beauty, product, line, branch, supermarket, dataset, revenue, turnover, category, sales, metrics",1,True,"The SuperMarket Analysis.csv file contains the 'Branch' column for identifying branches, the 'Product line' column to filter for 'Health and beauty', and the 'gross income' column to calculate the total income.","revenue, turnover, category, sales, metrics","Branch  Alex     599.893  Cairo    951.460  Giza     791.206  Name: gross income, dtype: float64","The total gross income for the 'Health and beauty' product line is 599.893 in Alex, 951.460 in Cairo, and 791.206 in Giza.",
14,2026-04-21 11:44:43,Which non-Legendary Water-type Pokémon has the highest total stats (Total)?,Pokemon.csv,"base,attributes,ability,tier,evolution","non, legendary, water, type, pokémon, highest, total, stats, base, attributes, ability, tier, evolution",0,False,"The Pokemon.csv file contains all the necessary columns: Type 1 and Type 2 for identifying Water-type, Legendary for filtering non-Legendary, and Total for finding the highest stats.","base,attributes,ability,tier,evolution",,,ReadTimeout: 
15,2026-04-21 11:45:31,Which non-Legendary Water-type Pokémon has the highest total stats (Total)?,Pokemon.csv,"base, ability, evolution, tier, moveset","non, legendary, water, type, pokémon, highest, total, stats, base, ability, evolution, tier, moveset",0,True,"The Pokemon.csv file contains all the necessary columns to identify Water-type Pokemon, filter out Legendary ones, and find the highest Total stats.","base, ability, evolution, tier, moveset",Name  Total  GyaradosMega Gyarados    640,"Mega Gyarados is the non-Legendary Water-type Pokémon with the highest total stats, with a total of 640.",
16,2026-04-21 11:48:08,"According to CWUR data from 2015, what is the average university score in Japan?",cwurData.csv,"ranking, metrics, academic, institution, performance","according, cwur, data, 2015, average, university, score, japan, ranking, metrics, academic, institution, performance",0,True,"The cwurData.csv file contains the university score, country, and year, which are all the components needed to answer the question about the average university score in Japan for the year 2015.","ranking, metrics, academic, institution, performance",46.265270270270264,"According to the 2015 CWUR data, the average university score in Japan is approximately 46.27.",
17,2026-04-21 11:49:43,Calculate the average of the 'Restaurant Price Index' of the 10 happiest countries in the world according to the 2018 report.,"2018.csv, Cost_of_Living_Index_by_Country_2024.csv","mean, metric, wellbeing, ranking, statistics","calculate, average, restaurant, price, index, 10, happiest, country, world, according, 2018, report, mean, metric, wellbeing, ranking, statistics",0,True,"2018.csv contains the happiness rankings for 2018, and Cost_of_Living_Index_by_Country_2024.csv contains the Restaurant Price Index for countries.","mean, metric, wellbeing, ranking, statistics",69.94000000000001,The average Restaurant Price Index for the 10 happiest countries in the 2018 report is approximately 69.94.,
18,2026-04-21 11:51:17,"How many Pokémon have a higher 'Attack' stat than 'Defense' stat, and belong to the 'Fire' Type (Type 1)?",Pokemon.csv,"species, elemental, attributes, combat, parameters","pokémon, higher, attack, stat, defense, belong, type, 1, species, elemental, attributes, combat, parameters",0,True,"The Pokemon.csv file contains all the necessary columns: Attack, Defense, and Type 1, which are needed to filter and count the Pokemon as requested.","species, elemental, attributes, combat, parameters",43,There are 43 Fire-type Pokémon that have a higher Attack stat than their Defense stat.,
19,2026-04-21 11:52:36,Which country experienced the largest increase in its Happiness Score from 2018 to 2019?,"2018.csv, 2019.csv","well-being, indices, nations, metrics, prosperity","country, experienced, largest, increase, happiness, score, 2018, 2019, well, being, indices, nations, metrics",0,True,The user wants to compare the Happiness Score between 2018 and 2019. Both 2018.csv and 2019.csv contain the necessary columns: 'Country or region' and 'Score'.,"well-being, indices, nations, metrics, prosperity",Country or region  Increase            Burundi      0.87,"Burundi experienced the largest increase in its Happiness Score from 2018 to 2019, with an increase of 0.87.",
20,2026-04-21 11:58:45,"Among the top 20 happiest countries in 2019, which country has the lowest 'Groceries Index'?","2019.csv, Cost_of_Living_Index_by_Country_2024.csv","wellbeing, inflation, nation, ranking, prosperity","20, happiest, country, 2019, lowest, grocery, index, wellbeing, inflation, nation, ranking, prosperity",0,True,"2019.csv contains the happiness scores and rankings for the year 2019, which is needed to identify the top 20 happiest countries. Cost_of_Living_Index_by_Country_2024.csv contains the Groceries Index for countries, which is needed to find the lowest index among those top 20 countries.","wellbeing, inflation, nation, ranking, prosperity",Czech Republic,"Among the top 20 happiest countries in 2019, the Czech Republic has the lowest Groceries Index.",
